case_id,W,pc,n,is_raw
RAW_N5,RAW,RAW,5,True
RAW_N10,RAW,RAW,10,True
RAW_N20,RAW,RAW,20,True
RAW_N60,RAW,RAW,60,True
W60_PC1_N5,60,PC1,5,False
W60_PC1_N10,60,PC1,10,False
W60_PC1_N20,60,PC1,20,False
W60_PC1_N60,60,PC1,60,False
W60_PC12_N5,60,PC12,5,False
W60_PC12_N10,60,PC12,10,False
W60_PC12_N20,60,PC12,20,False
W60_PC12_N60,60,PC12,60,False
W60_PC123_N5,60,PC123,5,False
W60_PC123_N10,60,PC123,10,False
W60_PC123_N20,60,PC123,20,False
W60_PC123_N60,60,PC123,60,False
W120_PC1_N5,120,PC1,5,False
W120_PC1_N10,120,PC1,10,False
W120_PC1_N20,120,PC1,20,False
W120_PC1_N60,120,PC1,60,False
W120_PC12_N5,120,PC12,5,False
W120_PC12_N10,120,PC12,10,False
W120_PC12_N20,120,PC12,20,False
W120_PC12_N60,120,PC12,60,False
W120_PC123_N5,120,PC123,5,False
W120_PC123_N10,120,PC123,10,False
W120_PC123_N20,120,PC123,20,False
W120_PC123_N60,120,PC123,60,False
W252_PC1_N5,252,PC1,5,False
W252_PC1_N10,252,PC1,10,False
W252_PC1_N20,252,PC1,20,False
W252_PC1_N60,252,PC1,60,False
W252_PC12_N5,252,PC12,5,False
W252_PC12_N10,252,PC12,10,False
W252_PC12_N20,252,PC12,20,False
W252_PC12_N60,252,PC12,60,False
W252_PC123_N5,252,PC123,5,False
W252_PC123_N10,252,PC123,10,False
W252_PC123_N20,252,PC123,20,False
W252_PC123_N60,252,PC123,60,False
